{"cameraMode":{"drawMode":0,"name":"Shaded","section":"Shading Mode"},"sceneLighting":true,"audioPlay":false,"sceneViewState":{"m_AlwaysRefresh":false,"showFog":true,"showSkybox":true,"showFlares":true,"showImageEffects":true,"showParticleSystems":true,"showVisualEffectGraphs":true,"m_FxEnabled":true},"in2DMode":false,"pivot":{"x":2.440000057220459,"y":-0.7760000228881836,"z":-4.6539998054504398},"rotation":{"x":-0.023825855925679208,"y":-0.698195219039917,"z":0.023269806057214738,"w":-0.7151492238044739},"size":2.4430577754974367,"orthographic":false}